Time_fs,Position_1_Edge,Position_2_Edge,Position_3_Edge,Position_4_Edge,Position_5_Edge,Position_1_LiMetal,Position_2_LiMetal,Position_3_LiMetal,Position_4_LiMetal,Position_5_LiMetal,Position_1_LiIon,Position_2_LiIon,Position_3_LiIon,Position_4_LiIon,Position_5_LiIon
100.0,-24.206932,-23.63273,-24.18032,-24.479124,-23.981758,21,27,21,24,24,1,1,1,1,2
200.0,-24.213423,-23.613068,-24.17416,-24.479086,-23.997274,21,27,21,24,25,1,1,1,2,2
300.0,-24.453674,-23.597542,-24.134846,-24.479065,-24.017084,21,27,21,24,25,1,2,1,1,2
400.0,-24.484114,-23.596918,-24.117056,-24.479046,-24.028921,21,27,21,24,25,1,2,1,1,2
500.0,-24.469398,-23.59752,-24.11293,-24.479027,-24.045315,21,27,21,24,25,1,2,2,1,2
600.0,-24.470892,-23.599344,-24.110977,-24.479008,-24.060562,21,27,21,24,25,1,2,2,1,2
700.0,-24.472406,-23.585987,-24.077616,-24.478989,-24.068472,21,27,21,24,25,1,2,2,1,2
