{
  "details": {
    "abs_i_measured_e_per_fs": [
      0.0,
      0.0004,
      0.0004,
      0.0008,
      0.0028000000000000004,
      0.010000000000000002,
      0.005600000000000001
    ],
    "alpha_relative_error": 0.4356823107591634,
    "amplitudes_e_per_fs": [
      0.00005,
      0.0001,
      0.0003,
      0.001,
      0.003,
      0.01,
      0.03
    ],
    "bv_exchange_current_override": null,
    "configured_alpha": 0.5,
    "configured_bv_overpotential_scale": 0.02500000037252903,
    "default_bv_exchange_current": 0.10000000149011612,
    "default_hop_rate_k0": 1.0,
    "equilibrate_fs": 5000.0,
    "eta_proxy_volts": [
      0.0007692307692307692,
      0.0007692307692307692,
      0.0007692307692307692,
      -0.011538461538461537,
      -0.0953846153846154,
      -0.2630769230769231,
      -1.7838461538461539
    ],
    "hop_rate_k0_override": null,
    "linear_regime_amps": [
      0.0003,
      0.001,
      0.003,
      0.01
    ],
    "measure_fs": 5000.0,
    "n_amps_in_linear_regime": 4,
    "n_amps_total": 7,
    "scenario": "measurement_configs/physics_invariants/driven_symmetric.toml",
    "seed": "0xC0FFEE",
    "tafel_fit_r2": 0.9280721470010251,
    "tafel_intercept": -7.405720884392929,
    "tafel_slope_per_volt": 11.286353616636957
  },
  "pass": false,
  "test": "tafel_slope",
  "tolerance": {
    "configured_alpha": 0.5,
    "kind": "relative_to_configured",
    "value": 0.2
  },
  "unit": "dimensionless",
  "value": 0.2821588446204183,
  "value_label": "recovered_butler_volmer_alpha"
}