{
  "details": {
    "abs_i_measured_e_per_fs": [
      0.0,
      0.0004,
      0.0004,
      0.0008,
      0.003,
      0.011600000000000004,
      0.0012
    ],
    "alpha_relative_error": 0.6285475764777089,
    "amplitudes_e_per_fs": [
      0.00005,
      0.0001,
      0.0003,
      0.001,
      0.003,
      0.01,
      0.03
    ],
    "configured_alpha": 0.5,
    "configured_bv_overpotential_scale": 0.02500000037252903,
    "equilibrate_fs": 5000.0,
    "eta_proxy_volts": [
      0.0,
      -0.0015384615384615385,
      -0.0038461538461538464,
      -0.012307692307692308,
      -0.10923076923076924,
      -0.40538461538461534,
      -1.566923076923077
    ],
    "linear_regime_amps": [
      0.0003,
      0.001,
      0.003,
      0.01
    ],
    "measure_fs": 5000.0,
    "n_amps_in_linear_regime": 4,
    "n_amps_total": 7,
    "scenario": "measurement_configs/physics_invariants/driven_symmetric.toml",
    "seed": "0xC0FFEE",
    "tafel_fit_r2": 0.8795767425868244,
    "tafel_intercept": -7.290987073896356,
    "tafel_slope_per_volt": 7.4290483597443755
  },
  "pass": false,
  "test": "tafel_slope",
  "tolerance": {
    "configured_alpha": 0.5,
    "kind": "relative_to_configured",
    "value": 0.2
  },
  "unit": "dimensionless",
  "value": 0.18572621176114557,
  "value_label": "recovered_butler_volmer_alpha"
}