L_angstrom,L_squared,n_li,n_anion,n_ec,n_dmc,d_li,d_anion,msd_li_r2,msd_anion_r2,tau_ki_li,tau_ki_anion
100,10000,13,13,75,75,1.030595e-2,1.000159e-2,0.9551,0.9264,9.703137e5,9.998413e5
150,22500,28,28,169,169,1.258980e-2,1.110774e-2,0.9873,0.9646,1.787161e6,2.025614e6
200,40000,50,50,300,300,1.910458e-2,1.767440e-2,0.9868,0.9848,2.093739e6,2.263160e6
300,90000,113,113,675,675,2.132485e-2,1.911831e-2,0.9753,0.9584,4.220428e6,4.707528e6
