time_fs,mode,setpoint_or_current,CIP,SIP,S2IP,FD
615.000000,CC,0.050000,0.000000,0.000000,0.000000,0.000000
