{
  "details": {
    "d_anion_a2_per_fs": 0.01831221580505371,
    "d_anion_m2_per_s": 1.8312215805053712e-7,
    "d_li_a2_per_fs": 0.020313745364546776,
    "d_li_m2_per_s": 2.0313745364546778e-7,
    "d_measure_fs": 30000.0,
    "d_sample_every_fs": 500.0,
    "domain_h": 200.0,
    "domain_w": 200.0,
    "equilibrate_fs": 10000.0,
    "field_magnitude_simunits": 9.999999747378752e-6,
    "j_x": 1.6910139789456477e-7,
    "kbt_simenergy": 0.00024943387302300835,
    "kbt_volts_proxy": 0.02500000037252903,
    "mean_v_anion_x_a_per_fs": -0.0000697670421406656,
    "mean_v_li_x_a_per_fs": 0.00006551407617498622,
    "msd_anion_r2": 0.9860556721687317,
    "msd_li_r2": 0.9837225675582886,
    "n_anion": 50,
    "n_anion_density_per_a2": 0.00125,
    "n_li": 50,
    "n_li_density_per_a2": 0.00125,
    "ratio_sigma_meas_over_sigma_ne": 0.08736014100110298,
    "scenario": "measurement_configs/physics_invariants/li_ec_coordination_dense.toml",
    "seed": "0xC0FFEE",
    "sigma_equilibrate_fs": 20000.0,
    "sigma_measure_fs": 20000.0,
    "sigma_measured": 0.016910140216642548,
    "sigma_ne_anion": 0.09176889040329214,
    "sigma_ne_li": 0.10179925203398993,
    "sigma_ne_total": 0.19356814243728207,
    "sigma_sample_every_fs": 200.0,
    "std_v_anion_x_a_per_fs": 0.00011738996007411275,
    "std_v_li_x_a_per_fs": 0.00013118320315757702
  },
  "pass": false,
  "test": "nernst_einstein",
  "tolerance": {
    "kind": "range",
    "max": 2.0,
    "min": 0.5
  },
  "unit": "dimensionless_ratio",
  "value": 0.08736014100110298,
  "value_label": "sigma_measured_over_sigma_nernst_einstein"
}