pulse_idx,v_pre,v_post_onset,v_pulse_end,v_relax_end,i_amp,r0_apparent
0,-6.772576e-3,-6.804552e-3,-2.187988e-2,-2.124564e-2,2.000000e-2,-1.598801e-3
1,-2.124564e-2,-2.099903e-2,-3.801139e-2,-3.541694e-2,2.000000e-2,1.233090e-2
