{
  "details": {
    "abs_i_measured_e_per_fs": [
      0.00006666666666666667,
      0.00013333333333333334,
      0.0003333333333333334,
      0.0010666666666666667,
      0.003766666666666668
    ],
    "alpha_relative_error": 0.6454055554963534,
    "amplitudes_e_per_fs": [
      0.00003,
      0.0001,
      0.0003,
      0.001,
      0.003
    ],
    "bv_exchange_current_override": 9.999999747378752e-6,
    "configured_alpha": 0.5,
    "configured_bv_overpotential_scale": 0.02500000037252903,
    "default_bv_exchange_current": 0.10000000149011612,
    "default_hop_rate_k0": 1.0,
    "equilibrate_fs": 10000.0,
    "eta_proxy_volts": [
      -0.0003846153846153846,
      -0.002692307692307692,
      -0.02,
      -0.11307692307692307,
      -0.41051282051282056
    ],
    "hop_rate_k0_override": 0.0010000000474974513,
    "linear_regime_amps": [
      0.0001,
      0.0003,
      0.001,
      0.003
    ],
    "measure_fs": 30000.0,
    "n_amps_in_linear_regime": 4,
    "n_amps_total": 5,
    "scenario": "measurement_configs/physics_invariants/driven_symmetric.toml",
    "seed": "0xC0FFEE",
    "tafel_fit_r2": 0.8567485423743408,
    "tafel_intercept": -8.306994754888736,
    "tafel_slope_per_volt": 7.091888784395556
  },
  "pass": false,
  "test": "tafel_slope",
  "tolerance": {
    "configured_alpha": 0.5,
    "kind": "relative_to_configured",
    "value": 0.2
  },
  "unit": "dimensionless",
  "value": 0.17729722225182334,
  "value_label": "recovered_butler_volmer_alpha"
}