{
  "details": {
    "d_anion_a2_per_fs": 0.0023150292690843344,
    "d_anion_m2_per_s": 2.3150292690843347e-8,
    "d_li_a2_per_fs": 0.0021115108393132687,
    "d_li_m2_per_s": 2.111510839313269e-8,
    "d_measure_fs": 30000.0,
    "d_sample_every_fs": 500.0,
    "domain_h": 200.0,
    "domain_w": 200.0,
    "equilibrate_fs": 10000.0,
    "field_magnitude_simunits": 9.999999747378752e-6,
    "j_x": 6.971169571829719e-8,
    "kbt_simenergy": 0.00024943387302300835,
    "kbt_volts_proxy": 0.02500000037252903,
    "mean_v_anion_x_a_per_fs": 0.0002947831609473723,
    "mean_v_li_x_a_per_fs": 0.00035055251752201007,
    "msd_anion_r2": 0.9930464625358582,
    "msd_li_r2": 0.9900493025779724,
    "n_anion": 50,
    "n_anion_density_per_a2": 0.00125,
    "n_li": 50,
    "n_li_density_per_a2": 0.00125,
    "ratio_sigma_meas_over_sigma_ne": 0.3142582381991398,
    "scenario": "measurement_configs/physics_invariants/li_ec_coordination_dense.toml",
    "seed": "0xC0FFEE",
    "sigma_equilibrate_fs": 20000.0,
    "sigma_measure_fs": 20000.0,
    "sigma_measured": 0.006971169747936279,
    "sigma_ne_anion": 0.011601417847881825,
    "sigma_ne_li": 0.0105815161235063,
    "sigma_ne_total": 0.022182933971388125,
    "sigma_sample_every_fs": 200.0,
    "std_v_anion_x_a_per_fs": 0.00036288078221478377,
    "std_v_li_x_a_per_fs": 0.0003605569101404616
  },
  "pass": false,
  "test": "nernst_einstein",
  "tolerance": {
    "kind": "range",
    "max": 2.0,
    "min": 0.5
  },
  "unit": "dimensionless_ratio",
  "value": 0.3142582381991398,
  "value_label": "sigma_measured_over_sigma_nernst_einstein"
}