{
  "details": {
    "d_anion_a2_per_fs": 0.0029779684264212847,
    "d_anion_m2_per_s": 2.9779684264212848e-8,
    "d_li_a2_per_fs": 0.004360269755125046,
    "d_li_m2_per_s": 4.360269755125046e-8,
    "d_measure_fs": 30000.0,
    "d_sample_every_fs": 500.0,
    "domain_h": 200.0,
    "domain_w": 200.0,
    "equilibrate_fs": 10000.0,
    "field_magnitude_simunits": 9.999999747378752e-6,
    "j_x": -6.085576706878441e-7,
    "kbt_simenergy": 0.00024943387302300835,
    "kbt_volts_proxy": 0.02500000037252903,
    "mean_v_anion_x_a_per_fs": -0.00033541493677413897,
    "mean_v_li_x_a_per_fs": -0.0008222610733244143,
    "msd_anion_r2": 0.9744793772697449,
    "msd_li_r2": 0.9658375382423401,
    "n_anion": 50,
    "n_anion_density_per_a2": 0.00125,
    "n_li": 50,
    "n_li_density_per_a2": 0.00125,
    "ratio_sigma_meas_over_sigma_ne": -1.6548375436917702,
    "scenario": "measurement_configs/physics_invariants/li_ec_coordination_dense.toml",
    "seed": "0xC0FFEE",
    "sigma_equilibrate_fs": 20000.0,
    "sigma_measure_fs": 20000.0,
    "sigma_measured": -0.06085576860613043,
    "sigma_ne_anion": 0.014923636825713875,
    "sigma_ne_li": 0.021850830153303018,
    "sigma_ne_total": 0.036774466979016894,
    "sigma_sample_every_fs": 200.0,
    "std_v_anion_x_a_per_fs": 0.00027185548308153733,
    "std_v_li_x_a_per_fs": 0.0005515193094544324
  },
  "pass": false,
  "test": "nernst_einstein",
  "tolerance": {
    "kind": "range",
    "max": 2.0,
    "min": 0.5
  },
  "unit": "dimensionless_ratio",
  "value": -1.6548375436917702,
  "value_label": "sigma_measured_over_sigma_nernst_einstein"
}